Noise level,Energy,Max Spectrum
0.8594778596255124,0.004030260434271377,0.009713444292030613
