Noise level,Energy,Max Spectrum
3.2008821807663645,0.05203807282103743,0.05024526900190671
5.739777450276075,0.0010662567062680872,0.15728053933613373
4.646330511918641,0.06196005541780425,0.07303197337390753
