Noise level,Energy,Max Spectrum
5.004545195950929,0.47707735961231,0.12759530547117104
4.329581987326597,0.3391386749910138,0.061074889786374306
